{"metadata":{"asset_id":"8b043b6e-1fce-4ab3-8155-2d263784dab0","asset_attributes":["notebook"],"name":"final1","asset_type":"notebook","created_at":"2022-10-08T15:35:21Z","description":"","origin_country":"us","owner_id":"IBMid-6670009DDG","project_id":"3176deb6-7fb2-422a-ae06-4480c73636aa","size":18930,"tags":["notebook"],"usage":{"last_update_time":1665243438221,"last_updated_at":"2022-10-08T15:37:18Z"}},"entity":{"notebook":{"kernel":{"name":"python3","display_name":"Python 3.9","language":"python"},"originates_from":{"type":"blank"},"runtime":{"environment":"conda2rt221-3176deb6-7fb2-422a-ae06-4480c73636aa"}}},"attachments":[{"id":"a350df2c-f847-4ac0-9758-eaafabcadd23","version":2,"asset_type":"notebook","name":"attachment for notebook 8b043b6e-1fce-4ab3-8155-2d263784dab0","description":"attachment for notebook 8b043b6e-1fce-4ab3-8155-2d263784dab0","mime":"application/json","datasource_type":"193a97c1-4475-4a19-b90c-295c4fdc6517","object_key":"notebook/final1_C-9Hn2_hx.ipynb","creator_id":"IBMid-6670009DDG","create_time":1665243322070,"size":18930,"is_remote":false,"is_managed":false,"is_referenced":true,"is_object_key_read_only":false,"is_user_provided_path_key":true,"transfer_complete":true,"is_partitioned":false,"complete_time_ticks":1665243322070,"user_data":{},"test_doc":0,"handle":{"bucket":"final1-donotdelete-pr-ljaixdotqgi7kh","location":"eu-geo","type":"bluemix_cos","key":"notebook/final1_C-9Hn2_hx.ipynb","upload_id":"done","max_part_num":1},"usage":{"access_count":1,"last_accessor_id":"IBMid-6670009DDG","last_access_time":1665243431577,"last_updater_id":"IBMid-6670009DDG","last_update_time":1665243431577}}]}
