{"metadata":{"asset_id":"6d3c5804-b8b4-407f-a47c-3148409ffa79","asset_attributes":["notebook"],"name":"eda with visualization","asset_type":"notebook","created_at":"2022-10-08T17:04:05Z","description":"","origin_country":"us","owner_id":"IBMid-6670009DDG","project_id":"3176deb6-7fb2-422a-ae06-4480c73636aa","size":14461,"tags":["notebook"],"usage":{"last_update_time":1665248781456,"last_updated_at":"2022-10-08T17:06:21Z"}},"entity":{"notebook":{"kernel":{"name":"python3","display_name":"Python 3.9","language":"python"},"originates_from":{"type":"blank"},"runtime":{"environment":"conda2rt221-3176deb6-7fb2-422a-ae06-4480c73636aa"}}},"attachments":[{"id":"948b0945-c48c-44ae-998f-9aa83cb006c6","version":2,"asset_type":"notebook","name":"attachment for notebook 6d3c5804-b8b4-407f-a47c-3148409ffa79","description":"attachment for notebook 6d3c5804-b8b4-407f-a47c-3148409ffa79","mime":"application/json","datasource_type":"193a97c1-4475-4a19-b90c-295c4fdc6517","object_key":"notebook/eda_with_visualization_yHR6HdzHa.ipynb","creator_id":"IBMid-6670009DDG","create_time":1665248646559,"size":14461,"is_remote":false,"is_managed":false,"is_referenced":true,"is_object_key_read_only":false,"is_user_provided_path_key":true,"transfer_complete":true,"is_partitioned":false,"complete_time_ticks":1665248646559,"user_data":{},"test_doc":0,"handle":{"bucket":"final1-donotdelete-pr-ljaixdotqgi7kh","location":"eu-geo","type":"bluemix_cos","key":"notebook/eda_with_visualization_yHR6HdzHa.ipynb","upload_id":"done","max_part_num":1},"usage":{"access_count":1,"last_accessor_id":"IBMid-6670009DDG","last_access_time":1665248781453,"last_updater_id":"IBMid-6670009DDG","last_update_time":1665248781453}}]}
