{"metadata":{"asset_id":"ec30bebc-8174-4a56-a392-4648abb3f6f2","asset_attributes":["notebook"],"name":"Visual Analytics with Folium lab","asset_type":"notebook","created_at":"2022-10-08T17:08:40Z","description":"","origin_country":"us","owner_id":"IBMid-6670009DDG","project_id":"3176deb6-7fb2-422a-ae06-4480c73636aa","size":20542,"tags":["notebook"],"usage":{"last_update_time":1665249057038,"last_updated_at":"2022-10-08T17:10:57Z"}},"entity":{"notebook":{"kernel":{"name":"python3","display_name":"Python 3.9","language":"python"},"originates_from":{"type":"blank"},"runtime":{"environment":"conda2rt221-3176deb6-7fb2-422a-ae06-4480c73636aa"}}},"attachments":[{"id":"cc1c1452-7b47-49cd-857f-d7321c2f7310","version":2,"asset_type":"notebook","name":"attachment for notebook ec30bebc-8174-4a56-a392-4648abb3f6f2","description":"attachment for notebook ec30bebc-8174-4a56-a392-4648abb3f6f2","mime":"application/json","datasource_type":"193a97c1-4475-4a19-b90c-295c4fdc6517","object_key":"notebook/Visual_Analytics_with_Folium_lab_Vk72KtCMh.ipynb","creator_id":"IBMid-6670009DDG","create_time":1665248921050,"size":20542,"is_remote":false,"is_managed":false,"is_referenced":true,"is_object_key_read_only":false,"is_user_provided_path_key":true,"transfer_complete":true,"is_partitioned":false,"complete_time_ticks":1665248921050,"user_data":{},"test_doc":0,"handle":{"bucket":"final1-donotdelete-pr-ljaixdotqgi7kh","location":"eu-geo","type":"bluemix_cos","key":"notebook/Visual_Analytics_with_Folium_lab_Vk72KtCMh.ipynb","upload_id":"done","max_part_num":1},"usage":{"access_count":1,"last_accessor_id":"IBMid-6670009DDG","last_access_time":1665249057037,"last_updater_id":"IBMid-6670009DDG","last_update_time":1665249057037}}]}
