{"metadata":{"asset_id":"18b90905-c649-4f46-805f-ec23a9d0badb","asset_attributes":["notebook"],"name":"eda","asset_type":"notebook","created_at":"2022-10-08T15:42:04Z","description":"","origin_country":"us","owner_id":"IBMid-6670009DDG","project_id":"3176deb6-7fb2-422a-ae06-4480c73636aa","size":17665,"tags":["notebook"],"usage":{"last_update_time":1665243947681,"last_updated_at":"2022-10-08T15:45:47Z"}},"entity":{"notebook":{"kernel":{"name":"python3","display_name":"Python 3.9","language":"python"},"originates_from":{"type":"blank"},"runtime":{"environment":"conda2rt221-3176deb6-7fb2-422a-ae06-4480c73636aa"}}},"attachments":[{"id":"4a3b9b5b-16f3-4de3-a8db-328eac505684","version":2,"asset_type":"notebook","name":"attachment for notebook 18b90905-c649-4f46-805f-ec23a9d0badb","description":"attachment for notebook 18b90905-c649-4f46-805f-ec23a9d0badb","mime":"application/json","datasource_type":"193a97c1-4475-4a19-b90c-295c4fdc6517","object_key":"notebook/eda_Z_i7JfAy5.ipynb","creator_id":"IBMid-6670009DDG","create_time":1665243724869,"size":17665,"is_remote":false,"is_managed":false,"is_referenced":true,"is_object_key_read_only":false,"is_user_provided_path_key":true,"transfer_complete":true,"is_partitioned":false,"complete_time_ticks":1665243724869,"user_data":{},"test_doc":0,"handle":{"bucket":"final1-donotdelete-pr-ljaixdotqgi7kh","location":"eu-geo","type":"bluemix_cos","key":"notebook/eda_Z_i7JfAy5.ipynb","upload_id":"done","max_part_num":1},"usage":{"access_count":1,"last_accessor_id":"IBMid-6670009DDG","last_access_time":1665243947680,"last_updater_id":"IBMid-6670009DDG","last_update_time":1665243947680}}]}
