{"metadata":{"asset_id":"03579622-1583-440e-acc7-5047c6b90aaf","asset_attributes":["notebook"],"name":"web scrapping","asset_type":"notebook","created_at":"2022-10-08T15:37:51Z","description":"","origin_country":"us","owner_id":"IBMid-6670009DDG","project_id":"3176deb6-7fb2-422a-ae06-4480c73636aa","size":16792,"tags":["notebook"],"usage":{"last_update_time":1665243694406,"last_updated_at":"2022-10-08T15:41:34Z"}},"entity":{"notebook":{"kernel":{"name":"python3","display_name":"Python 3.9","language":"python"},"originates_from":{"type":"blank"},"runtime":{"environment":"conda2rt221-3176deb6-7fb2-422a-ae06-4480c73636aa"}}},"attachments":[{"id":"fa0583e0-f196-48da-93eb-58e71f9b709d","version":2,"asset_type":"notebook","name":"attachment for notebook 03579622-1583-440e-acc7-5047c6b90aaf","description":"attachment for notebook 03579622-1583-440e-acc7-5047c6b90aaf","mime":"application/json","datasource_type":"193a97c1-4475-4a19-b90c-295c4fdc6517","object_key":"notebook/web_scrapping_v4cvj8tXp.ipynb","creator_id":"IBMid-6670009DDG","create_time":1665243472018,"size":16792,"is_remote":false,"is_managed":false,"is_referenced":true,"is_object_key_read_only":false,"is_user_provided_path_key":true,"transfer_complete":true,"is_partitioned":false,"complete_time_ticks":1665243472018,"user_data":{},"test_doc":0,"handle":{"bucket":"final1-donotdelete-pr-ljaixdotqgi7kh","location":"eu-geo","type":"bluemix_cos","key":"notebook/web_scrapping_v4cvj8tXp.ipynb","upload_id":"done","max_part_num":1},"usage":{"access_count":1,"last_accessor_id":"IBMid-6670009DDG","last_access_time":1665243694404,"last_updater_id":"IBMid-6670009DDG","last_update_time":1665243694404}}]}
