{"metadata":{"asset_id":"6f9a1e04-2705-4f97-8738-0ca6104dbaab","asset_attributes":["notebook"],"name":"Machine Learning Prediction lab","asset_type":"notebook","created_at":"2022-10-08T17:11:31Z","description":"","origin_country":"us","owner_id":"IBMid-6670009DDG","project_id":"3176deb6-7fb2-422a-ae06-4480c73636aa","size":16721,"tags":["notebook"],"usage":{"last_update_time":1665249226417,"last_updated_at":"2022-10-08T17:13:46Z"}},"entity":{"notebook":{"kernel":{"name":"python3","display_name":"Python 3.9","language":"python"},"originates_from":{"type":"blank"},"runtime":{"environment":"conda2rt221-3176deb6-7fb2-422a-ae06-4480c73636aa"}}},"attachments":[{"id":"49722ef3-21e3-4dd1-ad82-4672b0e49623","version":2,"asset_type":"notebook","name":"attachment for notebook 6f9a1e04-2705-4f97-8738-0ca6104dbaab","description":"attachment for notebook 6f9a1e04-2705-4f97-8738-0ca6104dbaab","mime":"application/json","datasource_type":"193a97c1-4475-4a19-b90c-295c4fdc6517","object_key":"notebook/Machine_Learning_Prediction_lab_4OMG4dwET.ipynb","creator_id":"IBMid-6670009DDG","create_time":1665249091844,"size":16721,"is_remote":false,"is_managed":false,"is_referenced":true,"is_object_key_read_only":false,"is_user_provided_path_key":true,"transfer_complete":true,"is_partitioned":false,"complete_time_ticks":1665249091844,"user_data":{},"test_doc":0,"handle":{"bucket":"final1-donotdelete-pr-ljaixdotqgi7kh","location":"eu-geo","type":"bluemix_cos","key":"notebook/Machine_Learning_Prediction_lab_4OMG4dwET.ipynb","upload_id":"done","max_part_num":1},"usage":{"access_count":1,"last_accessor_id":"IBMid-6670009DDG","last_access_time":1665249226415,"last_updater_id":"IBMid-6670009DDG","last_update_time":1665249226415}}]}
