{"description":"Column in a physical data model","fields":[],"relationships":[],"properties":{"data_domain":{"type":"string","description":"A user-defined data type.  For example, \"kWh\"","label":{"default":"Data Domain","en":"Data Domain"}},"data_type":{"type":"string","description":"A physical database data type","label":{"default":"Data Type","en":"Data Type"}},"length":{"type":"integer","description":"Length defined for the column data type"},"nullable":{"type":"bool","description":"Information about whether the column is optional/nullable","label":{"default":"Is Nullable","en":"Is Nullable"}},"default_value":{"type":"string","description":"A value that is automatically generated when none is provided for this column in a new record","label":{"default":"Default Value","en":"Default Value"}},"derived":{"type":"bool","description":"Information about whether or not this column is calculated from other columns","label":{"default":"Is Derived","en":"Is Derived"}},"generated":{"type":"bool","description":"Information about whether or not the value is auto-generated by the database system","label":{"default":"Is Generated","en":"Is Generated"}},"sequence_number":{"type":"integer","description":"The ordinal number of attribute within the entity","label":{"default":"Sequence Number","en":"Sequence Number"}},"notes":{"type":"string","description":"Free form textual notes that a user can add"}},"localized_metadata_attributes":{"name":{"default":"Physical model column","en":"Physical model column"}},"global_search_searchable":[],"attribute_only":false,"version":1,"name":"ibm_physical_model_column","scope":"GLOBAL","allow_decorators":true}
