{"description":"OMRS asset type","fields":[{"key":"omrs_guid","type":"string","facet":false,"is_array":false,"is_searchable_across_types":false},{"key":"omrs_type","type":"string","facet":true,"is_array":false,"is_searchable_across_types":false}],"external_asset_preview":{},"relationships":[],"localized_metadata_attributes":{"name":{"default":"OMRS entity","en":"OMRS entity"}},"global_search_searchable":[],"attribute_only":false,"version":2,"name":"omrs_entity","scope":"GLOBAL","allow_decorators":false}
