{"description":"RShiny","fields":[{"key":"name","type":"string","facet":false,"is_array":false,"is_searchable_across_types":false}],"external_asset_preview":{},"relationships":[],"properties":{"ml_version":{"type":"string","description":"Internal version of the ml asset type","placeholder":"Put a value here","is_array":false,"required":true,"hidden":true,"readonly":true,"default_value":"4.0.0"}},"global_search_searchable":[],"attribute_only":false,"version":1,"name":"shiny_asset","scope":"GLOBAL","allow_decorators":true}
